id,tab,group,sourceLabel,nativeKey,status,featureId,scope,sourceLine,sourceConditions,plannedTests,testRefs
preferences.language,General,Settings,Language,,missing,ui.dialogs,No corresponding web Preferences control is implemented.,1538,[],"[{""kind"": ""browser"", ""description"": ""Exercise Language through its actual Preferences control; validate persistence, cancellation or immediate-apply behavior and malformed input where applicable.""}, {""kind"": ""native"", ""description"": ""Compare Language visibility, defaults and its affected application behavior with pinned native2.4.2 on the applicable platform/build.""}]",[]
preferences.use-inches,General,Settings,Units,use_inches,partial,ui.units,"Prepare and Preview display units; remaining native precision, import controls and desktop acceptance are open.",1542,[],"[{""kind"": ""browser"", ""description"": ""Exercise Units through its actual Preferences control; validate persistence, cancellation or immediate-apply behavior and malformed input where applicable.""}, {""kind"": ""native"", ""description"": ""Compare Units visibility, defaults and its affected application behavior with pinned native2.4.2 on the applicable platform/build.""}]","[""tests/e2e/native-display-preferences.spec.js"", ""tests/e2e/manipulation-units.spec.js"", ""tests/native-e2e/native-display-units.spec.js""]"
preferences.default-page,General,Settings,Default page,default_page,partial,ui.home,"Native Home/Prepare default and next-startup persistence are covered. Native launch overrides, cloud state and paired desktop appearance remain open.",1546,[],"[{""kind"": ""browser"", ""description"": ""Exercise Default page through its actual Preferences control; validate persistence, cancellation or immediate-apply behavior and malformed input where applicable.""}, {""kind"": ""native"", ""description"": ""Compare Default page visibility, defaults and its affected application behavior with pinned native2.4.2 on the applicable platform/build.""}]","[""tests/unit/native-startup-preferences.test.js"", ""tests/e2e/home-workspace.spec.js"", ""tests/native-e2e/home-workspace.spec.js""]"
preferences.dark-color-mode,General,Settings,Enable dark mode,dark_color_mode,missing,ui.dialogs,No corresponding web Preferences control is implemented.,1550,"[""ifdef _WIN32""]","[{""kind"": ""browser"", ""description"": ""Exercise Enable dark mode through its actual Preferences control; validate persistence, cancellation or immediate-apply behavior and malformed input where applicable.""}, {""kind"": ""native"", ""description"": ""Compare Enable dark mode visibility, defaults and its affected application behavior with pinned native2.4.2 on the applicable platform/build.""}]",[]
preferences.single-instance,General,Settings,Allow only one OrcaSlicer instance,single_instance,missing,ui.dialogs,No corresponding web Preferences control is implemented.,1554,[],"[{""kind"": ""browser"", ""description"": ""Exercise Allow only one OrcaSlicer instance through its actual Preferences control; validate persistence, cancellation or immediate-apply behavior and malformed input where applicable.""}, {""kind"": ""native"", ""description"": ""Compare Allow only one OrcaSlicer instance visibility, defaults and its affected application behavior with pinned native2.4.2 on the applicable platform/build.""}]",[]
preferences.show-splash-screen,General,Settings,Show splash screen,show_splash_screen,missing,ui.dialogs,No corresponding web Preferences control is implemented.,1564,[],"[{""kind"": ""browser"", ""description"": ""Exercise Show splash screen through its actual Preferences control; validate persistence, cancellation or immediate-apply behavior and malformed input where applicable.""}, {""kind"": ""native"", ""description"": ""Compare Show splash screen visibility, defaults and its affected application behavior with pinned native2.4.2 on the applicable platform/build.""}]",[]
preferences.window-buttons-on-left,General,Settings,Use window buttons on left side,window_buttons_on_left,missing,ui.dialogs,No corresponding web Preferences control is implemented.,1568,"[""ifdef __linux__""]","[{""kind"": ""browser"", ""description"": ""Exercise Use window buttons on left side through its actual Preferences control; validate persistence, cancellation or immediate-apply behavior and malformed input where applicable.""}, {""kind"": ""native"", ""description"": ""Compare Use window buttons on left side visibility, defaults and its affected application behavior with pinned native2.4.2 on the applicable platform/build.""}]",[]
preferences.downloads,General,Settings,Downloads folder,,missing,ui.dialogs,No corresponding web Preferences control is implemented.,1575,[],"[{""kind"": ""browser"", ""description"": ""Exercise Downloads folder through its actual Preferences control; validate persistence, cancellation or immediate-apply behavior and malformed input where applicable.""}, {""kind"": ""native"", ""description"": ""Compare Downloads folder visibility, defaults and its affected application behavior with pinned native2.4.2 on the applicable platform/build.""}]",[]
preferences.project-load-behaviour,General,Project,Load behaviour,project_load_behaviour,partial,projects.save-load,"Native Open/Add policies, retained structured3MF geometry, zero-volume filtering and multipart choices, preserved current preset/material/purge context, cancellation and real native slicing are covered. Unit conversion, oversize handling, generic/mixed formats, palette cursor, preset-dirty details and paired desktop appearance remain open.",1583,[],"[{""kind"": ""browser"", ""description"": ""Exercise Load behaviour through its actual Preferences control; validate persistence, cancellation or immediate-apply behavior and malformed input where applicable.""}, {""kind"": ""native"", ""description"": ""Compare Load behaviour visibility, defaults and its affected application behavior with pinned native2.4.2 on the applicable platform/build.""}]","[""tests/unit/native-project-load.test.js"", ""tests/e2e/project-load-preferences.spec.js"", ""tests/native-e2e/project-load-preferences.spec.js""]"
preferences.backup,General,Project,Auto backup,,missing,ui.dialogs,No corresponding web Preferences control is implemented.,1586,[],"[{""kind"": ""browser"", ""description"": ""Exercise Auto backup through its actual Preferences control; validate persistence, cancellation or immediate-apply behavior and malformed input where applicable.""}, {""kind"": ""native"", ""description"": ""Compare Auto backup visibility, defaults and its affected application behavior with pinned native2.4.2 on the applicable platform/build.""}]",[]
preferences.max-recent-count,General,Project,Maximum recent files,max_recent_count,partial,projects.recent-files,"Native default limit, effective0..999 bounds, atomic pruning and labeled STL/STEP opt-in apply to browser copies. Native path identity, wx input details and broader model-format inclusion remain open.",1589,[],"[{""kind"": ""browser"", ""description"": ""Exercise Maximum recent files through its actual Preferences control; validate persistence, cancellation or immediate-apply behavior and malformed input where applicable.""}, {""kind"": ""native"", ""description"": ""Compare Maximum recent files visibility, defaults and its affected application behavior with pinned native2.4.2 on the applicable platform/build.""}]","[""tests/unit/recent-files.test.js"", ""tests/e2e/recent-files.spec.js"", ""tests/e2e/recent-store.spec.js"", ""tests/native-e2e/recent-files.spec.js""]"
preferences.recent-models,General,Project,Add STL/STEP files to recent files list,recent_models,partial,projects.recent-files,"Native default limit, effective0..999 bounds, atomic pruning and labeled STL/STEP opt-in apply to browser copies. Native path identity, wx input details and broader model-format inclusion remain open.",1596,[],"[{""kind"": ""browser"", ""description"": ""Exercise Add STL/STEP files to recent files list through its actual Preferences control; validate persistence, cancellation or immediate-apply behavior and malformed input where applicable.""}, {""kind"": ""native"", ""description"": ""Compare Add STL/STEP files to recent files list visibility, defaults and its affected application behavior with pinned native2.4.2 on the applicable platform/build.""}]","[""tests/unit/recent-files.test.js"", ""tests/e2e/recent-files.spec.js"", ""tests/e2e/recent-store.spec.js"", ""tests/native-e2e/recent-files.spec.js""]"
preferences.no-warn-when-modified-gcodes,General,Project,Don't warn when loading 3MF with modified G-code,no_warn_when_modified_gcodes,missing,ui.dialogs,No corresponding web Preferences control is implemented.,1599,[],"[{""kind"": ""browser"", ""description"": ""Exercise Don't warn when loading 3MF with modified G-code through its actual Preferences control; validate persistence, cancellation or immediate-apply behavior and malformed input where applicable.""}, {""kind"": ""native"", ""description"": ""Compare Don't warn when loading 3MF with modified G-code visibility, defaults and its affected application behavior with pinned native2.4.2 on the applicable platform/build.""}]",[]
preferences.enable-step-mesh-setting,General,Project,Show options when importing STEP file,enable_step_mesh_setting,missing,ui.dialogs,No corresponding web Preferences control is implemented.,1602,[],"[{""kind"": ""browser"", ""description"": ""Exercise Show options when importing STEP file through its actual Preferences control; validate persistence, cancellation or immediate-apply behavior and malformed input where applicable.""}, {""kind"": ""native"", ""description"": ""Compare Show options when importing STEP file visibility, defaults and its affected application behavior with pinned native2.4.2 on the applicable platform/build.""}]",[]
preferences.drc-bits,General,Project,Quality level for Draco export,drc_bits,missing,ui.dialogs,No corresponding web Preferences control is implemented.,1608,[],"[{""kind"": ""browser"", ""description"": ""Exercise Quality level for Draco export through its actual Preferences control; validate persistence, cancellation or immediate-apply behavior and malformed input where applicable.""}, {""kind"": ""native"", ""description"": ""Compare Quality level for Draco export visibility, defaults and its affected application behavior with pinned native2.4.2 on the applicable platform/build.""}]",[]
preferences.export-sources-full-pathnames,General,Project,Store full source file paths in projects,export_sources_full_pathnames,missing,ui.dialogs,No corresponding web Preferences control is implemented.,1617,[],"[{""kind"": ""browser"", ""description"": ""Exercise Store full source file paths in projects through its actual Preferences control; validate persistence, cancellation or immediate-apply behavior and malformed input where applicable.""}, {""kind"": ""native"", ""description"": ""Compare Store full source file paths in projects visibility, defaults and its affected application behavior with pinned native2.4.2 on the applicable platform/build.""}]",[]
preferences.remember-printer-config,General,Preset,Remember printer configuration,remember_printer_config,missing,ui.dialogs,No corresponding web Preferences control is implemented.,1627,[],"[{""kind"": ""browser"", ""description"": ""Exercise Remember printer configuration through its actual Preferences control; validate persistence, cancellation or immediate-apply behavior and malformed input where applicable.""}, {""kind"": ""native"", ""description"": ""Compare Remember printer configuration visibility, defaults and its affected application behavior with pinned native2.4.2 on the applicable platform/build.""}]",[]
preferences.group-filament-presets,General,Preset,Group user filament presets,group_filament_presets,missing,ui.dialogs,No corresponding web Preferences control is implemented.,1630,[],"[{""kind"": ""browser"", ""description"": ""Exercise Group user filament presets through its actual Preferences control; validate persistence, cancellation or immediate-apply behavior and malformed input where applicable.""}, {""kind"": ""native"", ""description"": ""Compare Group user filament presets visibility, defaults and its affected application behavior with pinned native2.4.2 on the applicable platform/build.""}]",[]
preferences.filaments-area-preferred-count,General,Preset,Optimize filaments area height for...,filaments_area_preferred_count,missing,ui.dialogs,No corresponding web Preferences control is implemented.,1639,[],"[{""kind"": ""browser"", ""description"": ""Exercise Optimize filaments area height for... through its actual Preferences control; validate persistence, cancellation or immediate-apply behavior and malformed input where applicable.""}, {""kind"": ""native"", ""description"": ""Compare Optimize filaments area height for... visibility, defaults and its affected application behavior with pinned native2.4.2 on the applicable platform/build.""}]",[]
preferences.show-shared-profiles-notification,General,Preset,Show shared profiles notification,show_shared_profiles_notification,missing,ui.dialogs,No corresponding web Preferences control is implemented.,1643,[],"[{""kind"": ""browser"", ""description"": ""Exercise Show shared profiles notification through its actual Preferences control; validate persistence, cancellation or immediate-apply behavior and malformed input where applicable.""}, {""kind"": ""native"", ""description"": ""Compare Show shared profiles notification visibility, defaults and its affected application behavior with pinned native2.4.2 on the applicable platform/build.""}]",[]
preferences.enable-multi-machine,General,Features,Multi device management,enable_multi_machine,missing,ui.dialogs,No corresponding web Preferences control is implemented.,1649,[],"[{""kind"": ""browser"", ""description"": ""Exercise Multi device management through its actual Preferences control; validate persistence, cancellation or immediate-apply behavior and malformed input where applicable.""}, {""kind"": ""native"", ""description"": ""Compare Multi device management visibility, defaults and its affected application behavior with pinned native2.4.2 on the applicable platform/build.""}]",[]
preferences.auto-calculate-flush,Control,Behaviour,Auto flush after changing...,auto_calculate_flush,missing,ui.dialogs,No corresponding web Preferences control is implemented.,1676,[],"[{""kind"": ""browser"", ""description"": ""Exercise Auto flush after changing... through its actual Preferences control; validate persistence, cancellation or immediate-apply behavior and malformed input where applicable.""}, {""kind"": ""native"", ""description"": ""Compare Auto flush after changing... visibility, defaults and its affected application behavior with pinned native2.4.2 on the applicable platform/build.""}]",[]
preferences.auto-arrange,Control,Behaviour,Auto arrange plate after cloning,auto_arrange,missing,ui.dialogs,No corresponding web Preferences control is implemented.,1679,[],"[{""kind"": ""browser"", ""description"": ""Exercise Auto arrange plate after cloning through its actual Preferences control; validate persistence, cancellation or immediate-apply behavior and malformed input where applicable.""}, {""kind"": ""native"", ""description"": ""Compare Auto arrange plate after cloning visibility, defaults and its affected application behavior with pinned native2.4.2 on the applicable platform/build.""}]",[]
preferences.auto-reslice,Control,Slicing,Auto slice after changes,,missing,ui.dialogs,No corresponding web Preferences control is implemented.,1685,[],"[{""kind"": ""browser"", ""description"": ""Exercise Auto slice after changes through its actual Preferences control; validate persistence, cancellation or immediate-apply behavior and malformed input where applicable.""}, {""kind"": ""native"", ""description"": ""Compare Auto slice after changes visibility, defaults and its affected application behavior with pinned native2.4.2 on the applicable platform/build.""}]",[]
preferences.enable-high-low-temp-mixed-printing,Control,Slicing,Remove mixed temperature restriction,enable_high_low_temp_mixed_printing,missing,ui.dialogs,No corresponding web Preferences control is implemented.,1691,[],"[{""kind"": ""browser"", ""description"": ""Exercise Remove mixed temperature restriction through its actual Preferences control; validate persistence, cancellation or immediate-apply behavior and malformed input where applicable.""}, {""kind"": ""native"", ""description"": ""Compare Remove mixed temperature restriction visibility, defaults and its affected application behavior with pinned native2.4.2 on the applicable platform/build.""}]",[]
preferences.camera-navigation-style,Control,Camera,Camera style,camera_navigation_style,missing,ui.dialogs,No corresponding web Preferences control is implemented.,1698,[],"[{""kind"": ""browser"", ""description"": ""Exercise Camera style through its actual Preferences control; validate persistence, cancellation or immediate-apply behavior and malformed input where applicable.""}, {""kind"": ""native"", ""description"": ""Compare Camera style visibility, defaults and its affected application behavior with pinned native2.4.2 on the applicable platform/build.""}]",[]
preferences.camera-orbit-mult,Control,Camera,Orbit speed multiplier,camera_orbit_mult,partial,ui.camera-preferences,"Mapped gestures, relative orbit speed and wheel reversal are covered. Exact native camera mathematics, remaining input modes and desktop acceptance are open.",1701,[],"[{""kind"": ""browser"", ""description"": ""Exercise Orbit speed multiplier through its actual Preferences control; validate persistence, cancellation or immediate-apply behavior and malformed input where applicable.""}, {""kind"": ""native"", ""description"": ""Compare Orbit speed multiplier visibility, defaults and its affected application behavior with pinned native2.4.2 on the applicable platform/build.""}]","[""tests/unit/native-camera-preferences.test.js"", ""tests/e2e/camera-preferences.spec.js"", ""tests/native-e2e/camera-preferences.spec.js""]"
preferences.zoom-to-mouse,Control,Camera,Zoom to mouse position,zoom_to_mouse,missing,ui.dialogs,No corresponding web Preferences control is implemented.,1704,[],"[{""kind"": ""browser"", ""description"": ""Exercise Zoom to mouse position through its actual Preferences control; validate persistence, cancellation or immediate-apply behavior and malformed input where applicable.""}, {""kind"": ""native"", ""description"": ""Compare Zoom to mouse position visibility, defaults and its affected application behavior with pinned native2.4.2 on the applicable platform/build.""}]",[]
preferences.use-free-camera,Control,Camera,Use free camera,use_free_camera,missing,ui.dialogs,No corresponding web Preferences control is implemented.,1707,[],"[{""kind"": ""browser"", ""description"": ""Exercise Use free camera through its actual Preferences control; validate persistence, cancellation or immediate-apply behavior and malformed input where applicable.""}, {""kind"": ""native"", ""description"": ""Compare Use free camera visibility, defaults and its affected application behavior with pinned native2.4.2 on the applicable platform/build.""}]",[]
preferences.reverse-mouse-wheel-zoom,Control,Camera,Reverse mouse zoom,reverse_mouse_wheel_zoom,partial,ui.camera-preferences,"Mapped gestures, relative orbit speed and wheel reversal are covered. Exact native camera mathematics, remaining input modes and desktop acceptance are open.",1710,[],"[{""kind"": ""browser"", ""description"": ""Exercise Reverse mouse zoom through its actual Preferences control; validate persistence, cancellation or immediate-apply behavior and malformed input where applicable.""}, {""kind"": ""native"", ""description"": ""Compare Reverse mouse zoom visibility, defaults and its affected application behavior with pinned native2.4.2 on the applicable platform/build.""}]","[""tests/unit/native-camera-preferences.test.js"", ""tests/e2e/camera-preferences.spec.js"", ""tests/native-e2e/camera-preferences.spec.js""]"
preferences.left-mouse-drag-action,Control,Camera,Left Mouse Drag,left_mouse_drag_action,partial,ui.camera-preferences,"Mapped gestures, relative orbit speed and wheel reversal are covered. Exact native camera mathematics, remaining input modes and desktop acceptance are open.",1714,[],"[{""kind"": ""browser"", ""description"": ""Exercise Left Mouse Drag through its actual Preferences control; validate persistence, cancellation or immediate-apply behavior and malformed input where applicable.""}, {""kind"": ""native"", ""description"": ""Compare Left Mouse Drag visibility, defaults and its affected application behavior with pinned native2.4.2 on the applicable platform/build.""}]","[""tests/unit/native-camera-preferences.test.js"", ""tests/e2e/camera-preferences.spec.js"", ""tests/native-e2e/camera-preferences.spec.js""]"
preferences.middle-mouse-drag-action,Control,Camera,Middle Mouse Drag,middle_mouse_drag_action,partial,ui.camera-preferences,"Mapped gestures, relative orbit speed and wheel reversal are covered. Exact native camera mathematics, remaining input modes and desktop acceptance are open.",1716,[],"[{""kind"": ""browser"", ""description"": ""Exercise Middle Mouse Drag through its actual Preferences control; validate persistence, cancellation or immediate-apply behavior and malformed input where applicable.""}, {""kind"": ""native"", ""description"": ""Compare Middle Mouse Drag visibility, defaults and its affected application behavior with pinned native2.4.2 on the applicable platform/build.""}]","[""tests/unit/native-camera-preferences.test.js"", ""tests/e2e/camera-preferences.spec.js"", ""tests/native-e2e/camera-preferences.spec.js""]"
preferences.right-mouse-drag-action,Control,Camera,Right Mouse Drag,right_mouse_drag_action,partial,ui.camera-preferences,"Mapped gestures, relative orbit speed and wheel reversal are covered. Exact native camera mathematics, remaining input modes and desktop acceptance are open.",1718,[],"[{""kind"": ""browser"", ""description"": ""Exercise Right Mouse Drag through its actual Preferences control; validate persistence, cancellation or immediate-apply behavior and malformed input where applicable.""}, {""kind"": ""native"", ""description"": ""Compare Right Mouse Drag visibility, defaults and its affected application behavior with pinned native2.4.2 on the applicable platform/build.""}]","[""tests/unit/native-camera-preferences.test.js"", ""tests/e2e/camera-preferences.spec.js"", ""tests/native-e2e/camera-preferences.spec.js""]"
preferences.save-choise,Control,Clear my choice on...,Unsaved projects,,missing,ui.dialogs,No corresponding web Preferences control is implemented.,1724,[],"[{""kind"": ""browser"", ""description"": ""Exercise Unsaved projects through its actual Preferences control; validate persistence, cancellation or immediate-apply behavior and malformed input where applicable.""}, {""kind"": ""native"", ""description"": ""Compare Unsaved projects visibility, defaults and its affected application behavior with pinned native2.4.2 on the applicable platform/build.""}]",[]
preferences.save-presets,Control,Clear my choice on...,Unsaved presets,,missing,ui.dialogs,No corresponding web Preferences control is implemented.,1729,[],"[{""kind"": ""browser"", ""description"": ""Exercise Unsaved presets through its actual Preferences control; validate persistence, cancellation or immediate-apply behavior and malformed input where applicable.""}, {""kind"": ""native"", ""description"": ""Compare Unsaved presets visibility, defaults and its affected application behavior with pinned native2.4.2 on the applicable platform/build.""}]",[]
preferences.restore-hide-pop-ups,Control,Clear my choice on...,Synchronizing printer preset,,missing,ui.dialogs,No corresponding web Preferences control is implemented.,1734,[],"[{""kind"": ""browser"", ""description"": ""Exercise Synchronizing printer preset through its actual Preferences control; validate persistence, cancellation or immediate-apply behavior and malformed input where applicable.""}, {""kind"": ""native"", ""description"": ""Compare Synchronizing printer preset visibility, defaults and its affected application behavior with pinned native2.4.2 on the applicable platform/build.""}]",[]
preferences.opengl-realistic-phong,Graphics,Realistic View,Phong shading,opengl_realistic_phong,missing,ui.dialogs,No corresponding web Preferences control is implemented.,1753,[],"[{""kind"": ""browser"", ""description"": ""Exercise Phong shading through its actual Preferences control; validate persistence, cancellation or immediate-apply behavior and malformed input where applicable.""}, {""kind"": ""native"", ""description"": ""Compare Phong shading visibility, defaults and its affected application behavior with pinned native2.4.2 on the applicable platform/build.""}]",[]
preferences.opengl-phong-ssao,Graphics,Realistic View,SSAO ambient occlusion,opengl_phong_ssao,missing,ui.dialogs,No corresponding web Preferences control is implemented.,1760,[],"[{""kind"": ""browser"", ""description"": ""Exercise SSAO ambient occlusion through its actual Preferences control; validate persistence, cancellation or immediate-apply behavior and malformed input where applicable.""}, {""kind"": ""native"", ""description"": ""Compare SSAO ambient occlusion visibility, defaults and its affected application behavior with pinned native2.4.2 on the applicable platform/build.""}]",[]
preferences.opengl-phong-basic-plate-shadows,Graphics,Realistic View,Shadows,opengl_phong_basic_plate_shadows,missing,ui.dialogs,No corresponding web Preferences control is implemented.,1767,[],"[{""kind"": ""browser"", ""description"": ""Exercise Shadows through its actual Preferences control; validate persistence, cancellation or immediate-apply behavior and malformed input where applicable.""}, {""kind"": ""native"", ""description"": ""Compare Shadows visibility, defaults and its affected application behavior with pinned native2.4.2 on the applicable platform/build.""}]",[]
preferences.opengl-phong-smooth-normals,Graphics,Realistic View,Smooth normals,opengl_phong_smooth_normals,missing,ui.dialogs,No corresponding web Preferences control is implemented.,1775,[],"[{""kind"": ""browser"", ""description"": ""Exercise Smooth normals through its actual Preferences control; validate persistence, cancellation or immediate-apply behavior and malformed input where applicable.""}, {""kind"": ""native"", ""description"": ""Compare Smooth normals visibility, defaults and its affected application behavior with pinned native2.4.2 on the applicable platform/build.""}]",[]
preferences.opengl-antialiasing-samples,Graphics,Anti-aliasing,MSAA Multiplier,opengl_antialiasing_samples,missing,ui.dialogs,No corresponding web Preferences control is implemented.,1786,[],"[{""kind"": ""browser"", ""description"": ""Exercise MSAA Multiplier through its actual Preferences control; validate persistence, cancellation or immediate-apply behavior and malformed input where applicable.""}, {""kind"": ""native"", ""description"": ""Compare MSAA Multiplier visibility, defaults and its affected application behavior with pinned native2.4.2 on the applicable platform/build.""}]",[]
preferences.opengl-fxaa-enabled,Graphics,Anti-aliasing,FXAA post-processing,opengl_fxaa_enabled,missing,ui.dialogs,No corresponding web Preferences control is implemented.,1799,[],"[{""kind"": ""browser"", ""description"": ""Exercise FXAA post-processing through its actual Preferences control; validate persistence, cancellation or immediate-apply behavior and malformed input where applicable.""}, {""kind"": ""native"", ""description"": ""Compare FXAA post-processing visibility, defaults and its affected application behavior with pinned native2.4.2 on the applicable platform/build.""}]",[]
preferences.opengl-fps-cap,Graphics,FPS,FPS cap,opengl_fps_cap,partial,ui.graphics-preferences,"Native cap/pacing/statistics references, left arrow assets and400ms/100ms repeats, browser state and actual native Preview workflows pass. wx validation/overflow, double-click event details, physical GPU presentation and paired desktop acceptance remain open.",1811,[],"[{""kind"": ""browser"", ""description"": ""Exercise FPS cap through its actual Preferences control; validate persistence, cancellation or immediate-apply behavior and malformed input where applicable.""}, {""kind"": ""native"", ""description"": ""Compare FPS cap visibility, defaults and its affected application behavior with pinned native2.4.2 on the applicable platform/build.""}]","[""tests/unit/native-graphics-preferences.test.js"", ""tests/unit/preview-render-scheduler.test.js"", ""tests/e2e/graphics-preferences.spec.js"", ""tests/native-e2e/graphics-preferences.spec.js"", ""tests/unit/native-preference-spin.test.js"", ""tests/e2e/native-preference-spin.spec.js""]"
preferences.opengl-show-fps-overlay,Graphics,FPS,Show FPS overlay,opengl_show_fps_overlay,partial,ui.graphics-preferences,"Original-source cap/pacing/statistics references and actual GPU/native Preview workflows pass. GPU presentation, native spin-button details and paired desktop layout acceptance remain open.",1823,[],"[{""kind"": ""browser"", ""description"": ""Exercise Show FPS overlay through its actual Preferences control; validate persistence, cancellation or immediate-apply behavior and malformed input where applicable.""}, {""kind"": ""native"", ""description"": ""Compare Show FPS overlay visibility, defaults and its affected application behavior with pinned native2.4.2 on the applicable platform/build.""}]","[""tests/unit/native-graphics-preferences.test.js"", ""tests/unit/preview-render-scheduler.test.js"", ""tests/e2e/graphics-preferences.spec.js"", ""tests/native-e2e/graphics-preferences.spec.js""]"
preferences.region,Online,Connection,Login region,,missing,ui.dialogs,No corresponding web Preferences control is implemented.,1844,[],"[{""kind"": ""browser"", ""description"": ""Exercise Login region through its actual Preferences control; validate persistence, cancellation or immediate-apply behavior and malformed input where applicable.""}, {""kind"": ""native"", ""description"": ""Compare Login region visibility, defaults and its affected application behavior with pinned native2.4.2 on the applicable platform/build.""}]",[]
preferences.stealth-mode,Online,Connection,Stealth mode,stealth_mode,missing,ui.dialogs,No corresponding web Preferences control is implemented.,1847,[],"[{""kind"": ""browser"", ""description"": ""Exercise Stealth mode through its actual Preferences control; validate persistence, cancellation or immediate-apply behavior and malformed input where applicable.""}, {""kind"": ""native"", ""description"": ""Compare Stealth mode visibility, defaults and its affected application behavior with pinned native2.4.2 on the applicable platform/build.""}]",[]
preferences.hide-login-side-panel,Online,Connection,Hide login side panel,hide_login_side_panel,missing,ui.dialogs,No corresponding web Preferences control is implemented.,1850,[],"[{""kind"": ""browser"", ""description"": ""Exercise Hide login side panel through its actual Preferences control; validate persistence, cancellation or immediate-apply behavior and malformed input where applicable.""}, {""kind"": ""native"", ""description"": ""Compare Hide login side panel visibility, defaults and its affected application behavior with pinned native2.4.2 on the applicable platform/build.""}]",[]
preferences.network-test,Online,Connection,Network test,,missing,ui.dialogs,No corresponding web Preferences control is implemented.,1853,[],"[{""kind"": ""browser"", ""description"": ""Exercise Network test through its actual Preferences control; validate persistence, cancellation or immediate-apply behavior and malformed input where applicable.""}, {""kind"": ""native"", ""description"": ""Compare Network test visibility, defaults and its affected application behavior with pinned native2.4.2 on the applicable platform/build.""}]",[]
preferences.bambu-cloud,Online,Cloud Providers,Enable Bambu Cloud,,missing,ui.dialogs,No corresponding web Preferences control is implemented.,1862,[],"[{""kind"": ""browser"", ""description"": ""Exercise Enable Bambu Cloud through its actual Preferences control; validate persistence, cancellation or immediate-apply behavior and malformed input where applicable.""}, {""kind"": ""native"", ""description"": ""Compare Enable Bambu Cloud visibility, defaults and its affected application behavior with pinned native2.4.2 on the applicable platform/build.""}]",[]
preferences.check-stable-update-only,Online,Update & sync,Check for stable updates only,check_stable_update_only,missing,ui.dialogs,No corresponding web Preferences control is implemented.,1868,[],"[{""kind"": ""browser"", ""description"": ""Exercise Check for stable updates only through its actual Preferences control; validate persistence, cancellation or immediate-apply behavior and malformed input where applicable.""}, {""kind"": ""native"", ""description"": ""Compare Check for stable updates only visibility, defaults and its affected application behavior with pinned native2.4.2 on the applicable platform/build.""}]",[]
preferences.sync-user-preset,Online,Update & sync,Auto sync user presets (Printer/Filament/Process),sync_user_preset,missing,ui.dialogs,No corresponding web Preferences control is implemented.,1871,[],"[{""kind"": ""browser"", ""description"": ""Exercise Auto sync user presets (Printer/Filament/Process) through its actual Preferences control; validate persistence, cancellation or immediate-apply behavior and malformed input where applicable.""}, {""kind"": ""native"", ""description"": ""Compare Auto sync user presets (Printer/Filament/Process) visibility, defaults and its affected application behavior with pinned native2.4.2 on the applicable platform/build.""}]",[]
preferences.sync-ams-filament-mode,Online,Update & sync,Filament sync mode,sync_ams_filament_mode,missing,ui.dialogs,No corresponding web Preferences control is implemented.,1879,[],"[{""kind"": ""browser"", ""description"": ""Exercise Filament sync mode through its actual Preferences control; validate persistence, cancellation or immediate-apply behavior and malformed input where applicable.""}, {""kind"": ""native"", ""description"": ""Compare Filament sync mode visibility, defaults and its affected application behavior with pinned native2.4.2 on the applicable platform/build.""}]",[]
preferences.sync-system-preset,Online,Update & sync,Update built-in presets automatically.,sync_system_preset,missing,ui.dialogs,No corresponding web Preferences control is implemented.,1886,[],"[{""kind"": ""browser"", ""description"": ""Exercise Update built-in presets automatically. through its actual Preferences control; validate persistence, cancellation or immediate-apply behavior and malformed input where applicable.""}, {""kind"": ""native"", ""description"": ""Compare Update built-in presets automatically. visibility, defaults and its affected application behavior with pinned native2.4.2 on the applicable platform/build.""}]",[]
preferences.use-encrypted-token-file,Online,Update & sync,Use encrypted file for token storage,use_encrypted_token_file,missing,ui.dialogs,No corresponding web Preferences control is implemented.,1889,[],"[{""kind"": ""browser"", ""description"": ""Exercise Use encrypted file for token storage through its actual Preferences control; validate persistence, cancellation or immediate-apply behavior and malformed input where applicable.""}, {""kind"": ""native"", ""description"": ""Compare Use encrypted file for token storage visibility, defaults and its affected application behavior with pinned native2.4.2 on the applicable platform/build.""}]",[]
preferences.installed-networking,Online,Network plug-in,Enable network plug-in,installed_networking,missing,ui.dialogs,No corresponding web Preferences control is implemented.,1897,[],"[{""kind"": ""browser"", ""description"": ""Exercise Enable network plug-in through its actual Preferences control; validate persistence, cancellation or immediate-apply behavior and malformed input where applicable.""}, {""kind"": ""native"", ""description"": ""Compare Enable network plug-in visibility, defaults and its affected application behavior with pinned native2.4.2 on the applicable platform/build.""}]",[]
preferences.plugin-version,Online,Network plug-in,Network plug-in version,,missing,ui.dialogs,No corresponding web Preferences control is implemented.,1900,[],"[{""kind"": ""browser"", ""description"": ""Exercise Network plug-in version through its actual Preferences control; validate persistence, cancellation or immediate-apply behavior and malformed input where applicable.""}, {""kind"": ""native"", ""description"": ""Compare Network plug-in version visibility, defaults and its affected application behavior with pinned native2.4.2 on the applicable platform/build.""}]",[]
preferences.open-default-apps,Associate,Associate files to OrcaSlicer,File associations for the Microsoft Store version are managed by Windows Settings.,,missing,ui.dialogs,No corresponding web Preferences control is implemented.,1921,"[""ifdef _WIN32""]","[{""kind"": ""browser"", ""description"": ""Exercise File associations for the Microsoft Store version are managed by Windows Settings. through its actual Preferences control; validate persistence, cancellation or immediate-apply behavior and malformed input where applicable.""}, {""kind"": ""native"", ""description"": ""Compare File associations for the Microsoft Store version are managed by Windows Settings. visibility, defaults and its affected application behavior with pinned native2.4.2 on the applicable platform/build.""}]",[]
preferences.associate-3mf,Associate,Associate files to OrcaSlicer,Associate 3MF files to OrcaSlicer,associate_3mf,missing,ui.dialogs,No corresponding web Preferences control is implemented.,1938,"[""ifdef _WIN32""]","[{""kind"": ""browser"", ""description"": ""Exercise Associate 3MF files to OrcaSlicer through its actual Preferences control; validate persistence, cancellation or immediate-apply behavior and malformed input where applicable.""}, {""kind"": ""native"", ""description"": ""Compare Associate 3MF files to OrcaSlicer visibility, defaults and its affected application behavior with pinned native2.4.2 on the applicable platform/build.""}]",[]
preferences.associate-drc,Associate,Associate files to OrcaSlicer,Associate DRC files to OrcaSlicer,associate_drc,missing,ui.dialogs,No corresponding web Preferences control is implemented.,1941,"[""ifdef _WIN32""]","[{""kind"": ""browser"", ""description"": ""Exercise Associate DRC files to OrcaSlicer through its actual Preferences control; validate persistence, cancellation or immediate-apply behavior and malformed input where applicable.""}, {""kind"": ""native"", ""description"": ""Compare Associate DRC files to OrcaSlicer visibility, defaults and its affected application behavior with pinned native2.4.2 on the applicable platform/build.""}]",[]
preferences.associate-stl,Associate,Associate files to OrcaSlicer,Associate STL files to OrcaSlicer,associate_stl,missing,ui.dialogs,No corresponding web Preferences control is implemented.,1944,"[""ifdef _WIN32""]","[{""kind"": ""browser"", ""description"": ""Exercise Associate STL files to OrcaSlicer through its actual Preferences control; validate persistence, cancellation or immediate-apply behavior and malformed input where applicable.""}, {""kind"": ""native"", ""description"": ""Compare Associate STL files to OrcaSlicer visibility, defaults and its affected application behavior with pinned native2.4.2 on the applicable platform/build.""}]",[]
preferences.associate-step,Associate,Associate files to OrcaSlicer,Associate STEP files to OrcaSlicer,associate_step,missing,ui.dialogs,No corresponding web Preferences control is implemented.,1947,"[""ifdef _WIN32""]","[{""kind"": ""browser"", ""description"": ""Exercise Associate STEP files to OrcaSlicer through its actual Preferences control; validate persistence, cancellation or immediate-apply behavior and malformed input where applicable.""}, {""kind"": ""native"", ""description"": ""Compare Associate STEP files to OrcaSlicer visibility, defaults and its affected application behavior with pinned native2.4.2 on the applicable platform/build.""}]",[]
preferences.associate-url-prusa,Associate,Associate web links to OrcaSlicer,prusaslicer,,missing,ui.dialogs,No corresponding web Preferences control is implemented.,1953,"[""ifdef _WIN32""]","[{""kind"": ""browser"", ""description"": ""Exercise prusaslicer through its actual Preferences control; validate persistence, cancellation or immediate-apply behavior and malformed input where applicable.""}, {""kind"": ""native"", ""description"": ""Compare prusaslicer visibility, defaults and its affected application behavior with pinned native2.4.2 on the applicable platform/build.""}]",[]
preferences.associate-url-bambu,Associate,Associate web links to OrcaSlicer,bambustudio,,missing,ui.dialogs,No corresponding web Preferences control is implemented.,1956,"[""ifdef _WIN32""]","[{""kind"": ""browser"", ""description"": ""Exercise bambustudio through its actual Preferences control; validate persistence, cancellation or immediate-apply behavior and malformed input where applicable.""}, {""kind"": ""native"", ""description"": ""Compare bambustudio visibility, defaults and its affected application behavior with pinned native2.4.2 on the applicable platform/build.""}]",[]
preferences.associate-url-cura,Associate,Associate web links to OrcaSlicer,cura,,missing,ui.dialogs,No corresponding web Preferences control is implemented.,1959,"[""ifdef _WIN32""]","[{""kind"": ""browser"", ""description"": ""Exercise cura through its actual Preferences control; validate persistence, cancellation or immediate-apply behavior and malformed input where applicable.""}, {""kind"": ""native"", ""description"": ""Compare cura visibility, defaults and its affected application behavior with pinned native2.4.2 on the applicable platform/build.""}]",[]
preferences.developer-mode,Developer,Settings,Developer mode,developer_mode,missing,ui.dialogs,No corresponding web Preferences control is implemented.,1978,[],"[{""kind"": ""browser"", ""description"": ""Exercise Developer mode through its actual Preferences control; validate persistence, cancellation or immediate-apply behavior and malformed input where applicable.""}, {""kind"": ""native"", ""description"": ""Compare Developer mode visibility, defaults and its affected application behavior with pinned native2.4.2 on the applicable platform/build.""}]",[]
preferences.skip-ams-blacklist-check,Developer,Settings,Skip AMS blacklist check,skip_ams_blacklist_check,missing,ui.dialogs,No corresponding web Preferences control is implemented.,1981,[],"[{""kind"": ""browser"", ""description"": ""Exercise Skip AMS blacklist check through its actual Preferences control; validate persistence, cancellation or immediate-apply behavior and malformed input where applicable.""}, {""kind"": ""native"", ""description"": ""Compare Skip AMS blacklist check visibility, defaults and its affected application behavior with pinned native2.4.2 on the applicable platform/build.""}]",[]
preferences.show-unsupported-presets,Developer,Settings,Show unsupported presets,show_unsupported_presets,missing,ui.dialogs,No corresponding web Preferences control is implemented.,1984,[],"[{""kind"": ""browser"", ""description"": ""Exercise Show unsupported presets through its actual Preferences control; validate persistence, cancellation or immediate-apply behavior and malformed input where applicable.""}, {""kind"": ""native"", ""description"": ""Compare Show unsupported presets visibility, defaults and its affected application behavior with pinned native2.4.2 on the applicable platform/build.""}]",[]
preferences.keep-painting,Developer,Experimental Features,Keep painted feature after mesh change,keep_painting,missing,ui.dialogs,No corresponding web Preferences control is implemented.,1990,[],"[{""kind"": ""browser"", ""description"": ""Exercise Keep painted feature after mesh change through its actual Preferences control; validate persistence, cancellation or immediate-apply behavior and malformed input where applicable.""}, {""kind"": ""native"", ""description"": ""Compare Keep painted feature after mesh change visibility, defaults and its affected application behavior with pinned native2.4.2 on the applicable platform/build.""}]",[]
preferences.allow-abnormal-storage,Developer,Storage,Allow Abnormal Storage,allow_abnormal_storage,missing,ui.dialogs,No corresponding web Preferences control is implemented.,1996,[],"[{""kind"": ""browser"", ""description"": ""Exercise Allow Abnormal Storage through its actual Preferences control; validate persistence, cancellation or immediate-apply behavior and malformed input where applicable.""}, {""kind"": ""native"", ""description"": ""Compare Allow Abnormal Storage visibility, defaults and its affected application behavior with pinned native2.4.2 on the applicable platform/build.""}]",[]
preferences.loglevel-combox,Developer,Log Level,Log Level,,missing,ui.dialogs,No corresponding web Preferences control is implemented.,2002,[],"[{""kind"": ""browser"", ""description"": ""Exercise Log Level through its actual Preferences control; validate persistence, cancellation or immediate-apply behavior and malformed input where applicable.""}, {""kind"": ""native"", ""description"": ""Compare Log Level visibility, defaults and its affected application behavior with pinned native2.4.2 on the applicable platform/build.""}]",[]
preferences.debug-page,Developer,Debug,,,missing,ui.dialogs,No corresponding web Preferences control is implemented.,2008,"[""if !BBL_RELEASE_TO_PUBLIC""]","[{""kind"": ""browser"", ""description"": ""Exercise debug_page through its actual Preferences control; validate persistence, cancellation or immediate-apply behavior and malformed input where applicable.""}, {""kind"": ""native"", ""description"": ""Compare debug_page visibility, defaults and its affected application behavior with pinned native2.4.2 on the applicable platform/build.""}]",[]
